timestamp,status_code,response_time_ms,healthy
2026-08-16T05:40:01Z,200,138,true
2026-08-16T05:45:01Z,200,43,true
2026-08-16T05:50:01Z,200,12,true
2026-08-16T05:55:01Z,200,11,true
2026-08-16T06:00:01Z,200,12,true
2026-08-16T06:05:01Z,200,10,true
2026-08-16T06:10:01Z,200,11,true
2026-08-16T06:15:01Z,200,10,true
2026-08-16T06:20:01Z,200,13,true
2026-08-16T06:25:01Z,200,13,true
2026-08-16T06:30:01Z,200,10,true
2026-08-16T06:35:01Z,200,10,true
2026-08-16T06:40:01Z,200,10,true
2026-08-16T06:45:01Z,200,10,true
2026-08-16T06:50:01Z,200,10,true
2026-08-16T06:55:01Z,200,10,true
2026-08-16T07:00:01Z,200,10,true
2026-08-16T07:05:01Z,200,10,true
2026-08-16T07:10:01Z,200,10,true
2026-08-16T07:15:01Z,200,10,true
2026-08-16T07:20:01Z,200,10,true
2026-08-16T07:25:01Z,200,10,true
2026-08-16T07:30:01Z,200,10,true
2026-08-16T07:35:01Z,200,10,true
2026-08-16T07:40:01Z,200,10,true
2026-08-16T07:45:01Z,200,11,true
2026-08-16T07:50:01Z,200,10,true
2026-08-16T07:55:01Z,200,10,true
2026-08-16T08:00:01Z,200,10,true
2026-08-16T08:05:01Z,200,10,true
2026-08-16T08:10:01Z,200,10,true
2026-08-16T08:15:01Z,200,10,true
2026-08-16T08:20:02Z,200,10,true
2026-08-16T08:25:01Z,200,9,true
2026-08-16T08:30:01Z,200,10,true
2026-08-16T08:35:01Z,200,9,true
2026-08-16T08:40:01Z,200,9,true
2026-08-16T08:45:01Z,200,9,true
2026-08-16T08:50:01Z,200,10,true
2026-08-16T08:55:01Z,200,10,true
2026-08-16T09:00:01Z,200,10,true
2026-08-16T09:05:01Z,200,9,true
2026-08-16T09:10:01Z,200,18,true
2026-08-16T09:15:01Z,200,10,true
2026-08-16T09:20:01Z,200,9,true
2026-08-16T09:25:01Z,200,10,true
2026-08-16T09:30:01Z,200,10,true
2026-08-16T09:35:01Z,200,9,true
2026-08-16T09:40:01Z,200,10,true
2026-08-16T09:45:01Z,200,10,true
2026-08-16T09:50:01Z,200,11,true
2026-08-16T09:55:01Z,200,10,true
2026-08-16T10:00:01Z,200,9,true
2026-08-16T10:05:01Z,200,10,true
2026-08-16T10:10:01Z,200,9,true
2026-08-16T10:15:01Z,200,11,true
2026-08-16T10:20:01Z,200,10,true
2026-08-16T10:25:01Z,200,14,true
2026-08-16T10:30:01Z,200,41,true
2026-08-16T10:35:01Z,200,13,true
2026-08-16T10:40:01Z,200,17,true
2026-08-16T10:45:01Z,200,44,true
2026-08-16T10:50:01Z,200,13,true
2026-08-16T10:55:01Z,200,11,true
2026-08-16T11:00:02Z,200,24,true
2026-08-16T11:05:01Z,200,11,true
2026-08-16T11:10:01Z,200,10,true
2026-08-16T11:15:01Z,200,11,true
2026-08-16T11:20:01Z,200,17,true
2026-08-16T11:25:01Z,200,11,true
2026-08-16T11:30:01Z,200,22,true
2026-08-16T11:35:01Z,200,11,true
2026-08-16T11:40:01Z,200,12,true
2026-08-16T11:45:01Z,200,13,true
2026-08-16T11:50:01Z,200,21,true
2026-08-16T11:55:01Z,200,15,true
2026-08-16T12:00:01Z,200,25,true
2026-08-16T12:05:01Z,200,20,true
2026-08-16T12:10:01Z,200,12,true
2026-08-16T12:15:01Z,200,15,true
2026-08-16T12:20:01Z,200,63,true
2026-08-16T12:25:01Z,200,56,true
2026-08-16T12:30:02Z,200,96,true
2026-08-16T12:35:01Z,200,13,true
2026-08-16T12:40:01Z,200,12,true
2026-08-16T12:45:01Z,200,11,true
2026-08-16T12:50:01Z,200,16,true
2026-08-16T12:55:01Z,200,15,true
2026-08-16T13:00:01Z,200,45,true
2026-08-16T13:05:01Z,200,23,true
2026-08-16T13:10:01Z,200,24,true
2026-08-16T13:15:01Z,200,44,true
2026-08-16T13:20:01Z,200,90,true
2026-08-16T13:25:01Z,200,28,true
2026-08-16T13:30:02Z,200,111,true
2026-08-16T13:35:01Z,200,14,true
2026-08-16T13:40:01Z,200,27,true
2026-08-16T13:45:01Z,200,12,true
2026-08-16T13:50:01Z,200,20,true
2026-08-16T13:55:01Z,200,24,true
2026-08-16T14:00:01Z,200,19,true
2026-08-16T14:05:01Z,200,13,true
2026-08-16T14:10:01Z,200,13,true
2026-08-16T14:15:01Z,200,100,true
2026-08-16T14:20:01Z,200,27,true
2026-08-16T14:25:01Z,200,36,true
2026-08-16T14:30:01Z,200,45,true
2026-08-16T14:35:02Z,200,22,true
2026-08-16T14:40:01Z,200,10,true
2026-08-16T14:45:01Z,200,12,true
2026-08-16T14:50:01Z,200,20,true
2026-08-16T14:55:01Z,200,17,true
2026-08-16T15:00:01Z,200,21,true
2026-08-16T15:05:01Z,200,18,true
2026-08-16T15:10:01Z,200,16,true
2026-08-16T15:15:01Z,200,29,true
2026-08-16T15:20:01Z,200,29,true
2026-08-16T15:25:01Z,200,14,true
2026-08-16T15:30:01Z,200,94,true
2026-08-16T15:35:01Z,200,12,true
2026-08-16T15:40:01Z,200,40,true
2026-08-16T15:45:02Z,200,39,true
2026-08-16T15:50:01Z,200,10,true
2026-08-16T15:55:01Z,200,13,true
2026-08-16T16:00:01Z,200,16,true
2026-08-16T16:05:01Z,200,24,true
2026-08-16T16:10:01Z,200,14,true
2026-08-16T16:15:01Z,200,42,true
2026-08-16T16:20:01Z,200,47,true
2026-08-16T16:25:01Z,200,43,true
2026-08-16T16:30:01Z,200,84,true
2026-08-16T16:35:01Z,200,14,true
2026-08-16T16:40:01Z,200,50,true
2026-08-16T16:45:01Z,200,19,true
2026-08-16T16:50:02Z,200,27,true
2026-08-16T16:55:01Z,200,10,true
2026-08-16T17:00:01Z,200,14,true
2026-08-16T17:05:01Z,200,15,true
2026-08-16T17:10:01Z,200,11,true
2026-08-16T17:15:01Z,200,16,true
2026-08-16T17:20:01Z,200,11,true
2026-08-16T17:25:01Z,200,10,true
2026-08-16T17:30:01Z,200,14,true
2026-08-16T17:35:01Z,200,11,true
2026-08-16T17:40:01Z,200,15,true
2026-08-16T17:45:01Z,200,19,true
2026-08-16T17:50:01Z,200,17,true
2026-08-16T17:55:01Z,200,22,true
2026-08-16T18:00:01Z,200,29,true
2026-08-16T18:05:01Z,200,19,true
2026-08-16T18:10:01Z,200,25,true
2026-08-16T18:15:01Z,200,61,true
2026-08-16T18:20:01Z,200,51,true
2026-08-16T18:25:01Z,200,12,true
2026-08-16T18:30:01Z,200,16,true
2026-08-16T18:35:02Z,200,28,true
2026-08-16T18:40:01Z,200,10,true
2026-08-16T18:45:01Z,200,10,true
2026-08-16T18:50:01Z,200,10,true
2026-08-16T18:55:01Z,200,11,true
2026-08-16T19:00:01Z,200,13,true
2026-08-16T19:05:01Z,200,16,true
2026-08-16T19:10:01Z,200,10,true
2026-08-16T19:15:01Z,200,11,true
2026-08-16T19:20:01Z,200,12,true
2026-08-16T19:25:01Z,200,12,true
2026-08-16T19:30:01Z,200,14,true
2026-08-16T19:35:01Z,200,10,true
2026-08-16T19:40:01Z,200,15,true
2026-08-16T19:45:01Z,200,10,true
2026-08-16T19:50:01Z,200,14,true
2026-08-16T19:55:01Z,200,19,true
2026-08-16T20:00:01Z,200,14,true
2026-08-16T20:05:01Z,200,20,true
2026-08-16T20:10:01Z,200,22,true
2026-08-16T20:15:01Z,200,33,true
2026-08-16T20:20:01Z,200,41,true
2026-08-16T20:25:01Z,200,51,true
2026-08-16T20:30:01Z,200,33,true
2026-08-16T20:35:02Z,200,16,true
2026-08-16T20:40:01Z,200,9,true
2026-08-16T20:45:01Z,200,10,true
2026-08-16T20:50:01Z,200,10,true
2026-08-16T20:55:01Z,200,13,true
2026-08-16T21:00:01Z,200,12,true
2026-08-16T21:05:01Z,200,11,true
2026-08-16T21:10:01Z,200,12,true
2026-08-16T21:15:01Z,200,23,true
2026-08-16T21:20:01Z,200,11,true
2026-08-16T21:25:01Z,200,10,true
2026-08-16T21:30:01Z,200,13,true
2026-08-16T21:35:01Z,200,35,true
2026-08-16T21:40:01Z,200,14,true
2026-08-16T21:45:01Z,200,13,true
2026-08-16T21:50:01Z,200,16,true
2026-08-16T21:55:01Z,200,23,true
2026-08-16T22:00:01Z,200,27,true
2026-08-16T22:05:01Z,200,14,true
2026-08-16T22:10:01Z,200,21,true
2026-08-16T22:15:01Z,200,17,true
2026-08-16T22:20:01Z,200,17,true
2026-08-16T22:25:01Z,200,14,true
2026-08-16T22:30:01Z,200,10,true
2026-08-16T22:35:01Z,200,10,true
2026-08-16T22:40:01Z,200,10,true
2026-08-16T22:45:01Z,200,10,true
2026-08-16T22:50:01Z,200,12,true
2026-08-16T22:55:01Z,200,13,true
2026-08-16T23:00:01Z,200,11,true
2026-08-16T23:05:01Z,200,11,true
2026-08-16T23:10:01Z,200,11,true
2026-08-16T23:15:01Z,200,12,true
2026-08-16T23:20:01Z,200,11,true
2026-08-16T23:25:01Z,200,10,true
2026-08-16T23:30:01Z,200,12,true
2026-08-16T23:35:01Z,200,11,true
2026-08-16T23:40:01Z,200,11,true
2026-08-16T23:45:01Z,200,33,true
2026-08-16T23:50:01Z,200,42,true
2026-08-16T23:55:01Z,200,24,true
2026-08-17T00:00:01Z,200,18,true
2026-08-17T00:05:01Z,200,17,true
2026-08-17T00:10:01Z,200,21,true
2026-08-17T00:15:01Z,200,29,true
2026-08-17T00:20:01Z,200,16,true
2026-08-17T00:25:01Z,200,16,true
2026-08-17T00:30:02Z,200,12,true
2026-08-17T00:35:01Z,200,10,true
2026-08-17T00:40:01Z,200,10,true
2026-08-17T00:45:01Z,200,10,true
2026-08-17T00:50:01Z,200,12,true
2026-08-17T00:54:25Z,200,10,true
2026-08-17T00:55:01Z,200,10,true
2026-08-17T01:00:01Z,200,11,true
2026-08-17T01:05:01Z,200,15,true
2026-08-17T01:10:01Z,200,10,true
2026-08-17T01:15:01Z,200,11,true
2026-08-17T01:20:01Z,200,22,true
2026-08-17T01:25:01Z,200,11,true
2026-08-17T01:30:01Z,200,13,true
2026-08-17T01:35:01Z,200,11,true
2026-08-17T01:40:01Z,200,17,true
2026-08-17T01:45:01Z,200,10,true
2026-08-17T01:50:01Z,200,14,true
2026-08-17T01:55:01Z,200,14,true
2026-08-17T02:00:01Z,200,18,true
2026-08-17T02:05:01Z,200,18,true
2026-08-17T02:10:01Z,200,16,true
2026-08-17T02:15:01Z,200,19,true
2026-08-17T02:20:01Z,200,12,true
2026-08-17T02:25:01Z,200,36,true
2026-08-17T02:30:01Z,200,34,true
2026-08-17T02:35:02Z,200,19,true
2026-08-17T02:40:01Z,200,11,true
2026-08-17T02:45:01Z,200,10,true
2026-08-17T02:50:01Z,200,15,true
2026-08-17T02:55:01Z,200,10,true
2026-08-17T03:00:01Z,200,13,true
2026-08-17T03:05:01Z,200,12,true
2026-08-17T03:10:01Z,200,16,true
2026-08-17T03:15:01Z,200,18,true
2026-08-17T03:20:01Z,200,11,true
2026-08-17T03:25:01Z,200,16,true
2026-08-17T03:30:01Z,200,27,true
2026-08-17T03:35:01Z,200,12,true
2026-08-17T03:40:01Z,200,16,true
2026-08-17T03:45:01Z,200,27,true
2026-08-17T03:50:01Z,200,31,true
2026-08-17T03:55:01Z,200,29,true
2026-08-17T04:00:01Z,200,20,true
2026-08-17T04:05:01Z,200,28,true
2026-08-17T04:10:01Z,200,23,true
2026-08-17T04:15:02Z,200,79,true
2026-08-17T04:20:01Z,200,12,true
2026-08-17T04:25:01Z,200,10,true
2026-08-17T04:30:01Z,200,12,true
2026-08-17T04:35:01Z,200,71,true
2026-08-17T04:40:01Z,200,10,true
2026-08-17T04:45:01Z,200,15,true
2026-08-17T04:50:01Z,200,16,true
2026-08-17T04:55:01Z,200,14,true
2026-08-17T05:00:01Z,200,16,true
2026-08-17T05:05:01Z,200,22,true
2026-08-17T05:10:01Z,200,14,true
2026-08-17T05:15:01Z,200,30,true
2026-08-17T05:20:01Z,200,12,true
2026-08-17T05:25:01Z,200,42,true
2026-08-17T05:30:01Z,200,42,true
2026-08-17T05:35:01Z,200,10,true
2026-08-17T05:40:01Z,200,14,true
2026-08-17T05:45:01Z,200,10,true
2026-08-17T05:50:01Z,200,10,true
2026-08-17T05:55:01Z,200,11,true
2026-08-17T06:00:01Z,200,11,true
2026-08-17T06:05:01Z,200,11,true
2026-08-17T06:10:01Z,200,10,true
2026-08-17T06:15:01Z,200,16,true
2026-08-17T06:20:01Z,200,10,true
2026-08-17T06:25:01Z,200,25,true
2026-08-17T06:30:01Z,200,52,true
2026-08-17T06:35:01Z,200,15,true
2026-08-17T06:40:01Z,200,11,true
2026-08-17T06:45:01Z,200,42,true
2026-08-17T06:50:01Z,200,21,true
2026-08-17T06:55:01Z,200,16,true
2026-08-17T07:00:01Z,200,16,true
2026-08-17T07:05:01Z,200,51,true
2026-08-17T07:10:01Z,200,25,true
2026-08-17T07:15:01Z,200,15,true
2026-08-17T07:20:01Z,200,10,true
2026-08-17T07:25:01Z,200,10,true
2026-08-17T07:30:01Z,200,11,true
2026-08-17T07:35:01Z,200,12,true
2026-08-17T07:40:01Z,200,10,true
2026-08-17T07:45:01Z,200,17,true
2026-08-17T07:50:01Z,200,11,true
2026-08-17T07:55:01Z,200,12,true
2026-08-17T08:00:01Z,200,11,true
2026-08-17T08:05:01Z,200,16,true
2026-08-17T08:10:01Z,200,21,true
2026-08-17T08:15:01Z,200,11,true
2026-08-17T08:20:01Z,200,11,true
2026-08-17T08:25:01Z,200,10,true
2026-08-17T08:30:01Z,200,12,true
2026-08-17T08:35:01Z,200,10,true
2026-08-17T08:40:01Z,200,10,true
2026-08-17T08:45:01Z,200,10,true
2026-08-17T08:50:01Z,200,11,true
2026-08-17T08:55:01Z,200,10,true
2026-08-17T09:00:01Z,200,11,true
2026-08-17T09:05:01Z,200,87,true
2026-08-17T09:10:01Z,200,10,true
2026-08-17T09:15:01Z,200,13,true
2026-08-17T09:20:01Z,200,10,true
2026-08-17T09:25:01Z,200,13,true
2026-08-17T09:30:02Z,200,18,true
2026-08-17T09:35:01Z,200,10,true
2026-08-17T09:40:01Z,200,10,true
2026-08-17T09:45:01Z,200,11,true
2026-08-17T09:50:01Z,200,10,true
2026-08-17T09:55:01Z,200,14,true
2026-08-17T10:00:01Z,200,11,true
2026-08-17T10:05:01Z,200,21,true
2026-08-17T10:10:01Z,200,10,true
2026-08-17T10:15:01Z,200,12,true
2026-08-17T10:20:01Z,200,19,true
2026-08-17T10:25:01Z,200,15,true
2026-08-17T10:30:01Z,200,20,true
2026-08-17T10:35:01Z,200,13,true
2026-08-17T10:40:01Z,200,22,true
2026-08-17T10:45:01Z,200,24,true
2026-08-17T10:50:01Z,200,14,true
2026-08-17T10:55:01Z,200,12,true
2026-08-17T11:00:01Z,200,56,true
2026-08-17T11:05:01Z,200,14,true
2026-08-17T11:10:01Z,200,14,true
2026-08-17T11:15:01Z,200,12,true
2026-08-17T11:20:01Z,200,13,true
2026-08-17T11:25:01Z,200,17,true
2026-08-17T11:30:01Z,200,20,true
2026-08-17T11:35:02Z,200,18,true
2026-08-17T11:40:01Z,200,10,true
2026-08-17T11:45:01Z,200,11,true
2026-08-17T11:50:01Z,200,10,true
2026-08-17T11:55:01Z,200,11,true
2026-08-17T12:00:01Z,200,13,true
2026-08-17T12:05:01Z,200,11,true
2026-08-17T12:10:01Z,200,10,true
2026-08-17T12:15:01Z,200,13,true
2026-08-17T12:20:01Z,200,11,true
2026-08-17T12:25:01Z,200,12,true
2026-08-17T12:30:01Z,200,24,true
2026-08-17T12:35:01Z,200,11,true
2026-08-17T12:40:01Z,200,16,true
2026-08-17T12:45:01Z,200,30,true
2026-08-17T12:50:01Z,200,23,true
2026-08-17T12:55:01Z,200,14,true
2026-08-17T13:00:01Z,200,13,true
2026-08-17T13:05:01Z,200,16,true
2026-08-17T13:10:01Z,200,10,true
2026-08-17T13:15:01Z,200,13,true
2026-08-17T13:20:01Z,200,16,true
2026-08-17T13:25:01Z,200,14,true
2026-08-17T13:30:01Z,200,21,true
2026-08-17T13:35:01Z,200,15,true
2026-08-17T13:40:01Z,200,13,true
2026-08-17T13:45:01Z,200,25,true
2026-08-17T13:50:01Z,200,10,true
2026-08-17T13:55:01Z,200,10,true
2026-08-17T14:00:01Z,200,10,true
2026-08-17T14:05:01Z,200,10,true
2026-08-17T14:10:01Z,200,11,true
2026-08-17T14:15:01Z,200,13,true
2026-08-17T14:20:01Z,200,11,true
2026-08-17T14:25:01Z,200,10,true
2026-08-17T14:30:01Z,200,11,true
2026-08-17T14:35:01Z,200,11,true
2026-08-17T14:40:01Z,200,10,true
2026-08-17T14:45:01Z,200,10,true
2026-08-17T14:50:01Z,200,11,true
2026-08-17T14:55:01Z,200,13,true
2026-08-17T15:00:01Z,200,18,true
2026-08-17T15:05:01Z,200,25,true
2026-08-17T15:10:01Z,200,14,true
2026-08-17T15:15:01Z,200,18,true
2026-08-17T15:20:01Z,200,17,true
2026-08-17T15:25:01Z,200,11,true
2026-08-17T15:30:01Z,200,40,true
2026-08-17T15:35:01Z,200,16,true
2026-08-17T15:40:01Z,200,17,true
2026-08-17T15:45:01Z,200,14,true
2026-08-17T15:50:01Z,200,15,true
2026-08-17T15:55:01Z,200,15,true
2026-08-17T16:00:01Z,200,18,true
2026-08-17T16:05:01Z,200,17,true
2026-08-17T16:10:02Z,200,12,true
2026-08-17T16:15:01Z,200,10,true
2026-08-17T16:20:01Z,200,10,true
2026-08-17T16:25:01Z,200,10,true
2026-08-17T16:30:01Z,200,12,true
2026-08-17T16:35:01Z,200,11,true
2026-08-17T16:40:01Z,200,11,true
2026-08-17T16:45:01Z,200,11,true
2026-08-17T16:50:01Z,200,10,true
2026-08-17T16:55:01Z,200,11,true
2026-08-17T17:00:01Z,200,14,true
2026-08-17T17:05:01Z,200,11,true
2026-08-17T17:10:01Z,200,11,true
2026-08-17T17:15:01Z,200,17,true
2026-08-17T17:20:01Z,200,15,true
2026-08-17T17:25:01Z,200,12,true
2026-08-17T17:30:01Z,200,12,true
2026-08-17T17:35:01Z,200,11,true
2026-08-17T17:40:01Z,200,11,true
2026-08-17T17:45:01Z,200,14,true
2026-08-17T17:50:01Z,200,28,true
2026-08-17T17:55:01Z,200,11,true
2026-08-17T18:00:01Z,200,42,true
2026-08-17T18:05:01Z,200,16,true
2026-08-17T18:10:01Z,200,21,true
2026-08-17T18:15:01Z,200,21,true
2026-08-17T18:20:01Z,200,15,true
2026-08-17T18:25:01Z,200,15,true
2026-08-17T18:30:01Z,200,13,true
2026-08-17T18:35:02Z,200,16,true
2026-08-17T18:40:01Z,200,10,true
2026-08-17T18:45:01Z,200,10,true
2026-08-17T18:50:01Z,200,10,true
2026-08-17T18:55:01Z,200,11,true
2026-08-17T19:00:01Z,200,10,true
2026-08-17T19:05:01Z,200,10,true
2026-08-17T19:10:01Z,200,10,true
2026-08-17T19:15:01Z,200,12,true
2026-08-17T19:20:01Z,200,12,true
2026-08-17T19:25:01Z,200,12,true
2026-08-17T19:30:01Z,200,12,true
2026-08-17T19:35:01Z,200,11,true
2026-08-17T19:40:01Z,200,16,true
2026-08-17T19:45:01Z,200,13,true
2026-08-17T19:50:01Z,200,11,true
2026-08-17T19:55:01Z,200,18,true
2026-08-17T20:00:01Z,200,11,true
2026-08-17T20:05:01Z,200,11,true
2026-08-17T20:10:01Z,200,21,true
2026-08-17T20:15:01Z,200,13,true
2026-08-17T20:20:01Z,200,16,true
2026-08-17T20:25:01Z,200,13,true
2026-08-17T20:30:01Z,200,47,true
2026-08-17T20:35:01Z,200,14,true
2026-08-17T20:40:01Z,200,15,true
2026-08-17T20:45:01Z,200,14,true
2026-08-17T20:50:01Z,200,11,true
2026-08-17T20:55:01Z,200,11,true
2026-08-17T21:00:02Z,200,18,true
2026-08-17T21:05:01Z,200,10,true
2026-08-17T21:10:01Z,200,10,true
2026-08-17T21:15:01Z,200,12,true
2026-08-17T21:20:01Z,200,10,true
2026-08-17T21:25:01Z,200,10,true
2026-08-17T21:30:01Z,200,15,true
2026-08-17T21:35:01Z,200,11,true
2026-08-17T21:40:01Z,200,11,true
2026-08-17T21:45:01Z,200,13,true
2026-08-17T21:50:01Z,200,12,true
2026-08-17T21:55:01Z,200,12,true
2026-08-17T22:00:01Z,200,10,true
2026-08-17T22:05:01Z,200,16,true
2026-08-17T22:10:01Z,200,14,true
2026-08-17T22:15:01Z,200,15,true
2026-08-17T22:20:01Z,200,12,true
2026-08-17T22:25:01Z,200,17,true
2026-08-17T22:30:01Z,200,24,true
2026-08-17T22:35:01Z,200,20,true
2026-08-17T22:40:01Z,200,20,true
2026-08-17T22:45:01Z,200,14,true
2026-08-17T22:50:01Z,200,13,true
2026-08-17T22:55:01Z,200,12,true
2026-08-17T23:00:01Z,200,31,true
2026-08-17T23:05:02Z,200,18,true
2026-08-17T23:10:01Z,200,10,true
2026-08-17T23:15:01Z,200,10,true
2026-08-17T23:20:01Z,200,10,true
2026-08-17T23:25:01Z,200,12,true
2026-08-17T23:30:01Z,200,10,true
2026-08-17T23:35:01Z,200,12,true
2026-08-17T23:40:01Z,200,13,true
2026-08-17T23:45:01Z,200,12,true
2026-08-17T23:50:01Z,200,12,true
2026-08-17T23:55:01Z,200,16,true
2026-08-18T00:00:01Z,200,11,true
2026-08-18T00:05:01Z,200,13,true
2026-08-18T00:10:01Z,200,12,true
2026-08-18T00:15:01Z,200,15,true
2026-08-18T00:20:01Z,200,34,true
2026-08-18T00:25:01Z,200,12,true
2026-08-18T00:30:01Z,200,31,true
2026-08-18T00:35:01Z,200,15,true
2026-08-18T00:40:01Z,200,10,true
2026-08-18T00:45:01Z,200,14,true
2026-08-18T00:50:01Z,200,17,true
2026-08-18T00:55:01Z,200,17,true
2026-08-18T01:00:01Z,200,14,true
2026-08-18T01:05:01Z,200,11,true
2026-08-18T01:10:01Z,200,11,true
2026-08-18T01:15:01Z,200,14,true
2026-08-18T01:20:01Z,200,16,true
2026-08-18T01:25:02Z,200,15,true
2026-08-18T01:30:01Z,200,9,true
2026-08-18T01:35:01Z,200,10,true
2026-08-18T01:40:01Z,200,10,true
2026-08-18T01:45:01Z,200,10,true
2026-08-18T01:50:01Z,200,10,true
2026-08-18T01:55:01Z,200,13,true
2026-08-18T02:00:01Z,200,10,true
2026-08-18T02:05:01Z,200,12,true
2026-08-18T02:10:01Z,200,10,true
2026-08-18T02:15:01Z,200,16,true
2026-08-18T02:20:01Z,200,10,true
2026-08-18T02:25:01Z,200,11,true
2026-08-18T02:30:01Z,200,24,true
2026-08-18T02:35:01Z,200,11,true
2026-08-18T02:40:01Z,200,15,true
2026-08-18T02:45:01Z,200,23,true
2026-08-18T02:50:01Z,200,20,true
2026-08-18T02:55:01Z,200,11,true
2026-08-18T03:00:01Z,200,24,true
2026-08-18T03:05:01Z,200,12,true
2026-08-18T03:10:01Z,200,16,true
2026-08-18T03:15:01Z,200,21,true
2026-08-18T03:20:01Z,200,18,true
2026-08-18T03:25:01Z,200,26,true
2026-08-18T03:30:01Z,200,16,true
2026-08-18T03:35:01Z,200,14,true
2026-08-18T03:40:02Z,200,12,true
2026-08-18T03:45:01Z,200,10,true
2026-08-18T03:50:01Z,200,11,true
2026-08-18T03:55:01Z,200,10,true
2026-08-18T04:00:01Z,200,11,true
2026-08-18T04:05:01Z,200,15,true
2026-08-18T04:10:01Z,200,10,true
2026-08-18T04:15:01Z,200,15,true
2026-08-18T04:20:01Z,200,10,true
2026-08-18T04:25:01Z,200,10,true
